variant_id	gene_name	variant_name
748	MLH1	*757L
467	KDR	A1065T
807	RUNX1	A107P
3683	JAK1	A1086S
3030	BCL2	A113G
3342	KRAS	A11_G12insGA
3544	PTEN	A121E
3528	PTEN	A126D
3565	PTEN	A126S
4131	TP53	A138K
3416	TP53	A138V
905	KRAS	A146P
906	KRAS	A146T
322	KRAS	A146V
4134	TP53	A161D
4116	TP53	A161G
1114	TP53	A161T
4136	TP53	A161V
3976	BRCA1	A1708E
3994	BRCA1	A1789T
2929	PRPS1	A190T
2928	PRPS1	A190V
610	MTOR	A2034V
3147	NTRK2	A203T
1169	ATM	A2062V
1522	CDKN2A	A20P
258	MTHFR	A222V
1171	ATM	A2274T
1217	ERBB3	A232V
3708	AR	A234T
1050	TP53	A276V
996	EGFR	A289V
4126	TP53	A347G
4023	FGFR3	A391E
752	MLH1	A424T
1588	SMO	A459V
4248	PTPN11	A461T
1558	KIT	A502_Y503insAY
2826	BRAF	A598V
1646	POLE4	A59E
760	MLH1	A681V
2255	EGFR	A702S
1198	BRAF	A728V
3718	AR	A748V
2332	EGFR	A750T
1515	EGFR	A763_Y764insFQEA
3725	AR	A765T
2658	ERBB2	A775_G776insYVMA
3591	RIT1	A77P
3592	RIT1	A77S
990	KIT	A829P
4127	TP53	A83E
1474	EGFR	A859T
1187	EGFR	A864T
3751	ARHGAP35	A865_L870delinsV
4129	TP53	A86E
4128	TP53	A86T
2939	PRPS1	A87T
153	FOXP1	AMPLIFICATION
154	REL	AMPLIFICATION
204	NCOA3	AMPLIFICATION
224	TTF1	AMPLIFICATION
2655	MYB	AMPLIFICATION
842	BRAF	APC
2758	BRCA1	ATM
2844	MITF	Amplificatioin
18	CCND1	Amplification
180	AURKA	Amplification
187	CCNE1	Amplification
190	EGFR	Amplification
212	PIK3CA	Amplification
219	TERT	Amplification
251	BIRC7	Amplification
267	FGFR1	Amplification
270	MET	Amplification
298	MYCN	Amplification
306	ERBB2	Amplification
321	MAPK1	Amplification
330	NOTCH1	Amplification
358	RSF1	Amplification
371	TOP1	Amplification
379	TYMS	Amplification
407	ABCC3	Amplification
409	ASNS	Amplification
553	CDK4	Amplification
573	RICTOR	Amplification
586	KIT	Amplification
591	RAF1	Amplification
592	KRAS	Amplification
629	FGFR2	Amplification
630	FGF3	Amplification
635	AKT2	Amplification
716	PDGFRA	Amplification
1261	MDM2	Amplification
1268	MDM4	Amplification
1269	BRAF	Amplification
1276	SMO	Amplification
1280	NTRK1	Amplification
1281	NTRK3	Amplification
1684	PSMD4	Amplification
1685	CDK6	Amplification
2205	FLT4	Amplification
2240	TLK2	Amplification
2397	CRKL	Amplification
2550	NRAS	Amplification
2564	MYC	Amplification
2598	IRS2	Amplification
2619	FLT3	Amplification
2637	KDR	Amplification
2746	CCND2	Amplification
2747	CCND3	Amplification
2906	FGFR3	Amplification
2907	FGFR4	Amplification
3687	KMT2A	Amplification
4301	ALK	Amplification
4331	ALK	C1156Y
627	MAP2K1	C121S
4113	TP53	C124R
3547	PTEN	C124S
2840	MAP2K2	C125S
198	FOXL2	C134W
2719	TP53	C135F
924	TP53	C135W
1111	TP53	C135Y
3382	PTEN	C136R
1094	TP53	C141W
2713	MTOR	C1483F
3413	MTOR	C1483R
543	MTOR	C1483Y
3389	TP53	C176F
4118	TP53	C176S
1116	TP53	C176Y
248	TERT	C228T
3393	TP53	C238F
2648	TP53	C238Y
1062	TP53	C242F
1063	TP53	C242S
1064	TP53	C242Y
1172	ATM	C2488Y
4004	TERT	C250T
4124	TP53	C275F
917	TP53	C275Y
4145	TP53	C277Y
1647	POLD1	C284Y
3357	FGFR2	C342R
3358	FGFR2	C342Y
931	PIK3CA	C420R
1586	SMO	C469Y
1639	ABL1	C475V
4017	BTK	C481R
168	BTK	C481S
4016	BTK	C481Y
3605	EZH2	C576W
3337	PIK3CA	C604R
1260	RET	C609Y
1700	RET	C634R
112	RET	C634W
2936	PRPS1	C77S
3003	EGFR	C797G
415	EGFR	C797S
1574	EGFR	C797Y
1264	KIT	C809G
3756	BAP1	C91S
2789	PIK3CA	C971R
3385	CD44	CD44s
1660	MET	D1010H
1651	MET	D1010N
1649	MET	D1010Y
2260	MET	D1028N
3062	BCL2	D103E
3061	BCL2	D103V
3058	BCL2	D103Y
3380	CDKN2A	D108H
3288	CDKN2A	D108N
2791	CDKN2A	D108Y
4015	PLCG2	D1140E
649	MET	D1228N
798	MET	D1228V
2935	PRPS1	D139G
3349	SPOP	D140G
3553	PTEN	D162G
135	NOTCH1	D1642H
1168	ATM	D1682H
2196	DICER1	D1709E
2195	DICER1	D1709G
2051	DICER1	D1709N
3802	TSC2	D1734E
3980	BRCA1	D1739G
3981	BRCA1	D1739V
2197	DICER1	D1810H
2199	DICER1	D1810N
2198	DICER1	D1810Y
2920	PRPS1	D183E
2933	PRPS1	D183H
1160	ATM	D1930V
634	STK11	D194E
806	RUNX1	D198Y
1641	ROS1	D2033N
3706	AR	D221H
3401	TP53	D259V
3610	BRCA2	D2611G
3625	BRCA2	D2723A
3631	BRCA2	D2723G
3639	BRCA2	D2723H
1044	TP53	D281E
1045	TP53	D281G
3792	TP53	D281N
4146	TP53	D281Y
3495	ERBB3	D297Y
650	CASP8	D302H
3611	BRCA2	D3073G
661	BRCA2	D3095E
4222	AKT1	D323G
3256	CTNNB1	D32Y
1653	PIK3CA	D350G
3338	PIK3CA	D350N
2852	SMAD4	D351H
2995	TP53BP1	D353E
1606	ABL1	D363Y
240	NT5C2	D407A
855	KIT	D419del
2468	PRKCB	D427N
1560	SMO	D473G
299	SMO	D473H
1561	SMO	D473Y
3959	SMAD4	D493H
3713	AR	D528G
2858	SMAD4	D537Y
47	ESR1	D538G
1399	PIK3CA	D549N
1547	KIT	D579_H580insIDPTQLPYD
977	KIT	D579del
4341	FLT3	D593del
579	BRAF	D594A
2799	BRAF	D594E
611	BRAF	D594G
2832	BRAF	D594H
2833	NECTIN4	D594H
2398	BRAF	D594K
1107	BRAF	D594N
580	BRAF	D594V
3698	FGFR3	D617G
2573	PTPN11	D61Y
468	KDR	D717V
1013	EGFR	D761N
712	EGFR	D761Y
35	ERBB2	D769H
36	ERBB2	D769Y
1512	EGFR	D770_N771insG
1514	EGFR	D770_N771insGL
1566	EGFR	D770_N771insGT
1569	EGFR	D770_N771insNPG
1445	EGFR	D770_N771insSVD
2214	EGFR	D770delinsGY
1559	KIT	D816E
1402	KIT	D816G
983	KIT	D816H
65	KIT	D816V
984	KIT	D816Y
1265	KIT	D820A
2736	KIT	D820E
1266	KIT	D820G
986	KIT	D820Y
1397	FLT3	D835E
4340	FLT3	D835G
612	FLT3	D835H
3075	FLT3	D835I
4339	FLT3	D835N
1302	FLT3	D835V
3011	FLT3	D835Y
3167	FLT3	D839A
3160	FLT3	D839G
3169	FLT3	D839H
3168	FLT3	D839N
98	PDGFRA	D842I
99	PDGFRA	D842V
100	PDGFRA	D842Y
102	PDGFRA	D842_I843delinsVM
1518	PDGFRA	D842_M844del
3374	CDKN2A	D84G
3334	CDKN2A	D84H
3285	CDKN2A	D84N
3375	CDKN2A	D84V
3333	CDKN2A	D84Y
2574	SETBP1	D868N
3538	PTEN	D92A
3539	PTEN	D92E
3540	PTEN	D92G
3541	PTEN	D92H
3542	PTEN	D92V
3293	PIK3CA	D939G
3023	PML	DELETION (p.K227_T233del)
2414	MAP2K1	E102_I103delEI
3290	PIK3CB	E1051K
3464	EGFR	E114K
566	MAP2K7	E116K
4329	ALK	E1210K
2994	MAEA	E151INT
2050	DICER1	E1705K
544	MTOR	E1799K
4	AKT1	E17K
1227	AKT3	E17K
3585	TP53	E180K
2200	DICER1	E1813G
2201	DICER1	E1813K
2052	DICER1	E1813Q
3707	AR	E198G
1626	MAP2K1	E203K
1162	ATM	E2187*
3780	TP53	E224K
1601	ABL1	E258D
3772	TP53	E258K
1552	MAPK1	E278E
1603	ABL1	E281K
1043	TP53	E285K
3462	TP53	E285V
915	TP53	E286K
3621	BRCA2	E3002K
3496	ERBB4	E317K
320	MAPK1	E322K
2853	SMAD4	E330A
3521	SMAD4	E330K
1648	POLD1	E374K
1674	ESR1	E380Q
691	ERRFI1	E384*
3336	PIK3CA	E39K
4306	KLF5	E419K
4307	KLF5	E419Q
1619	ABL1	E450A
1496	ABL1	E450G
1617	ABL1	E450K
1620	ABL1	E453V
1621	ABL1	E459G
3692	FGFR3	E466K
3343	SPOP	E47K
3682	JAK1	E483D
773	MSH2	E483G
3345	SPOP	E50K
2282	DROSHA	E518K
103	PIK3CA	E542K
933	PIK3CA	E542Q
882	PIK3CA	E545A
934	PIK3CA	E545D
883	PIK3CA	E545G
104	PIK3CA	E545K
881	PIK3CA	E545Q
884	PIK3CA	E545V
2709	PIK3CA	E545X
955	KIT	E554D
3449	BRAF	E585K
1631	FLT3	E588_Y589INSKYFYVDFRE
4106	TP53	E68G
1412	EGFR	E709K
1413	EGFR	E709Q
1572	EGFR	E734Q
724	EGFR	E746G
1431	EGFR	E746K
1005	EGFR	E746V
1002	EGFR	E746_A750del
1009	EGFR	E746_S752delinsD
4280	EGFR	E746_S752insV
1004	EGFR	E746_T751delinsA
1214	EGFR	E746_T751delinsVA
3754	BACH2	E788K
3504	ERCC2	E79D
4320	NFE2L2	E79K
3960	NFE2L2	E79Q
1500	PIK3CA	E81K
3430	NFE2L2	E82D
4107	SOS1	E846K
1482	EGFR	E868G
3505	ERCC2	E86Q
1390	EGFR	E884K
3332	CDKN2A	E88K
3537	PTEN	E91A
3484	FN1	EDB
4005	EWSR1	EWSR1-ERG
1158	ATM	F1025L
3082	BCL2	F104I
3028	BCL2	F104L
3027	BCL2	F104S
1492	ALK	F1174C
8	ALK	F1174L
1505	ALK	F1174V
549	ALK	F1245C
1295	ALK	F1245V
1174	NOTCH1	F1592C
1127	NOTCH1	F1592S
2714	MTOR	F1888L
470	MTOR	F2108L
457	FCGR3A	F212V
2285	CRLF2	F232C
2802	BRAF	F247L
1053	TP53	F270S
1164	ATM	F2732V
2063	STK11	F354L
3516	FGFR3	F384L
2616	EGFR	F404I
2617	EGFR	F404V
1538	ABL1	F486Y
3240	KIT	F504A
1270	MAP2K1	F53L
2839	MAP2K1	F53Y
4223	AKT1	F55Y
1398	MAP2K2	F57C
3450	BRAF	F594L
1121	BRAF	F595L
3468	NTRK3	F617L
3071	FLT3	F691L
2587	JAK2	F694L
3593	RIT1	F82L
1881	ATM	F858L
175	AR	F877L
3536	PTEN	F90L
3667	PIK3CA	F930S
3437	PIK3CA	G1007R
3026	BCL2	G101A
2960	BCL2	G101V
1501	PIK3CA	G1049A
940	PIK3CA	G1049R
939	PIK3CA	G1049S
3341	KRAS	G10_A11insG
1673	ERBB4	G1109C
2798	ALK	G1128A
171	ALK	G1202R
4334	ALK	G1269S
3549	PTEN	G127E
2835	MAP2K1	G128V
3563	PTEN	G129E
3562	PTEN	G129R
3561	PTEN	G129V
148	KRAS	G12A
78	KRAS	G12C
897	NRAS	G12C
79	KRAS	G12D
878	NRAS	G12D
1387	HRAS	G12D
530	KRAS	G12R
898	NRAS	G12S
913	KRAS	G12S
425	KRAS	G12V
1175	NRAS	G12V
1394	HRAS	G12V
2873	MAP2K2	G132D
2874	MAP2K2	G132S
895	NRAS	G13C
911	KRAS	G13C
81	KRAS	G13D
93	NRAS	G13D
274	HRAS	G13D
896	NRAS	G13R
1393	HRAS	G13R
1395	KRAS	G13R
1396	KRAS	G13S
1317	NRAS	G13V
1489	HRAS	G13V
1517	KRAS	G13V
2676	EP300	G1506V
3419	TP53	G154S
3559	PTEN	G165E
3560	PTEN	G165V
3973	BRCA1	G1706A
3972	BRCA1	G1706E
2922	PRPS1	G174E
3993	BRCA1	G1770V
3793	TP53	G177E
1271	ROS1	G2032R
3152	GNA11	G209P
3153	GNAQ	G209P
1060	TP53	G244S
3397	TP53	G244V
1036	TP53	G245D
879	TP53	G245S
3331	LZTR1	G248R
2279	CRLF2	G24R
1599	ABL1	G250V
3523	SMAD4	G252*
141	DDR2	G253C
3615	BRCA2	G2585R
3628	BRCA2	G2609D
4144	TP53	G262C
3773	TP53	G262D
3774	TP53	G266E
1055	TP53	G266R
4122	TP53	G266V
2838	MAP2K1	G276W
3613	BRCA2	G2793E
3616	BRCA2	G2793R
3791	TP53	G279E
703	ERBB3	G284R
3623	BRCA2	G3076E
3620	BRCA2	G3076V
38	ERBB2	G309A
3457	NFE2L2	G31A
2283	ACVR1	G328E
1686	ACVR1	G328V
2280	ACVR1	G328W
1657	ABL1	G340L
3492	CTNNB1	G34E
3253	CTNNB1	G34R
3379	H3-3A	G34R
2576	CTNNB1	G34V
3378	H3-3A	G34V
2421	H3-3A	G34W
3662	ACVR1	G356D
2788	PIK3CA	G363A
3286	PTEN	G36R
2406	FGFR3	G370C
3381	PIK3R2	G373R
2405	FGFR3	G380R
3522	SMAD4	G386D
3520	SMAD4	G419V
3432	BRAF	G463E
3442	BRAF	G463V
1106	BRAF	G464V
3443	BRAF	G465A
2603	EGFR	G465E
443	EGFR	G465R
2604	EGFR	G465V
1196	BRAF	G466A
2792	BRAF	G466E
2222	BRAF	G466V
3441	BRAF	G468A
992	BRAF	G469A
993	BRAF	G469E
840	BRAF	G469R
3425	BRAF	G469S
841	BRAF	G469V
2221	BRAF	G496A
1584	SMO	G497W
142	DDR2	G505S
1624	ABL1	G514S
4007	DDX41	G530D
1678	FBXW7	G579W
2823	BRAF	G593D
2690	NTRK1	G595R
694	BRAF	G596C
1627	BRAF	G596R
1650	BRAF	G596V
997	EGFR	G598V
2223	BRAF	G606E
2855	NTRK3	G623E
2691	NTRK3	G623R
3215	FGFR4	G636C
3699	FGFR3	G637W
3488	EGFR	G63R
759	MLH1	G65D
757	MLH1	G67R
1692	FGFR3	G691R
4030	FGFR3	G697C
2817	FLT3	G697R
3212	FLT3	G697S
999	EGFR	G719A
1420	EGFR	G719D
134	EGFR	G719S
317	EGFR	G724S
3346	SPOP	G75R
144	DDR2	G774V
816	ERBB2	G776L
3649	KDR	G800D
3650	KDR	G800R
4298	FGFR3	G802_X807del
3226	RET	G810C
1016	EGFR	G810S
3227	RET	G810S
3651	KDR	G843D
772	HOXB13	G84E
865	PDGFRA	G853D
351	SETBP1	G870S
1151	PIK3CA	H1047L
107	PIK3CA	H1047R
2710	PIK3CA	H1047X
938	PIK3CA	H1047Y
2957	MET	H1112L
4112	TP53	H115Y
3546	PTEN	H123D
2872	MAP2K2	H123Q
3803	SMAD4	H132Y
456	FCGR2A	H167R
3963	BRCA1	H1686Q
3962	BRCA1	H1686R
4138	TP53	H168Q
4137	TP53	H168R
3783	TP53	H168Y
4103	TP53	H178P
1082	TP53	H179R
1083	TP53	H179Y
3996	BRCA1	H1862L
4119	TP53	H193L
283	MTOR	H1968Y
1595	ABL1	H201L
4335	TP53	H214R
1446	EGFR	H773_V774insH
1513	EGFR	H773_V774insNPH
864	PDGFRA	H845Y
874	ERBB2	H878Y
3529	PTEN	H93D
3530	PTEN	H93Q
3340	PTEN	H93R
3531	PTEN	H93Y
4323	CBL	H94Y
259	GSTP1	I105V
263	ABCB1	I1145I
4387	ALK	I1171N
3371	ALK	I1171T
3545	PTEN	I122S
787	CHEK2	I157T
3768	TP53	I162F
3555	PTEN	I168F
458	FCGR2B	I232T
1598	ABL1	I242T
3758	U2AF1	I24T
3630	BRCA2	I2627F
3255	CTNNB1	I35K
1235	PIK3CA	I391M
1585	SMO	I408V
1615	ABL1	I418S
1614	ABL1	I418V
2599	EGFR	I462K
2600	EGFR	I462R
3448	BRAF	I462S
2608	EGFR	I491K
2609	EGFR	I491R
4022	FGFR3	I538F
143	DDR2	I638F
2677	ERBB2	I654V
758	MLH1	I68S
2937	PRPS1	I72V
2259	EGFR	I744_K745insKIPVAI
3664	ERBB2	I767M
3572	FLT3	I836S
3573	FLT3	I836T
101	PDGFRA	I843DEL
755	MSH6	I972F
1234	PIK3CA	K111N
1120	KRAS	K117N
3584	TP53	K120E
3596	TP53	K120R
3548	PTEN	K125E
3564	PTEN	K128N
3764	TP53	K139E
770	MSH2	K172*
2921	PRPS1	K176N
2815	H3C2	K27M
3939	H3-3A	K27M
3944	H3C14	K27M
3594	H3-3A	K27R
2416	H3-3A	K28M
1155	ATM	K293*
3402	TP53	K305M
4147	TP53	K305N
2871	BRCA2	K3326*
239	NT5C2	K359Q
3745	CTCF	K365T
2420	H3-3B	K36M
3440	KLF4	K409Q
2775	BRAF	K439Q
2776	BRAF	K439T
2605	EGFR	K467N
455	EGFR	K467T
581	BRAF	K483M
2622	KIT	K484_G487DEL
2607	EGFR	K489E
2606	EGFR	K489Q
949	KIT	K550_K558del
2696	KIT	K550_K559DEL
948	KIT	K550_W557del
1549	KIT	K558NP
963	KIT	K558Q
965	KIT	K558R
964	KIT	K558_V559del
1272	MAP2K1	K57N
824	MAP2K1	K57T
3455	BRAF	K600E
584	BRAF	K601E
733	MLH1	K618DEL
978	KIT	K642E
2592	KIT	K642R
4024	FGFR3	K650D
1400	FGFR3	K650E
4025	FGFR3	K650L
4013	FGFR3	K650M
3695	FGFR3	K650N
4019	FGFR3	K650Q
4021	FGFR3	K650T
2947	FGFR2	K660E
3166	FLT3	K663Q
114	SF3B1	K666N
565	SF3B1	K700E
3490	EGFR	K708R
3714	AR	K720E
1638	EGFR	K745_E749delKELRE
264	ERCC2	K751Q
1312	ERBB2	K753E
4319	SMARCA2	K755R
1314	ERBB2	K755S
723	EGFR	K757R
1895	EGFR	K806E
802	RUNX1	K83E
3666	PIK3CA	K944N
3669	PIK3CA	K966E
4111	TP53	L111R
1554	ALK	L1152P
307	ALK	L1152R
4332	ALK	L1152V
4324	ALK	L1196M
1553	ALK	L1196Q
1275	ALK	L1198F
1556	ALK	L1198P
3031	BCL2	L119V
3032	MYOD1	L122R
2168	RAD50	L1237F
3660	CYSLTR2	L129Q
1099	TP53	L130V
3078	VHL	L135*
4114	TP53	L139N
4273	BRCA1	L1407P
1032	NOTCH1	L1574P
1145	NOTCH1	L1574Q
1142	NOTCH1	L1585R
1031	NOTCH1	L1600P
1140	NOTCH1	L1600Q
1034	NOTCH1	L1678P
3335	CDKN2A	L16P
2675	MSH2	L173P
3982	BRCA1	L1764P
2919	PRPS1	L191F
1078	TP53	L194P
3392	TP53	L194R
2716	MTOR	L2230V
140	DDR2	L239R
1163	ATM	L2427P
3414	MTOR	L2427Q
3755	BACH2	L24P
3624	BRCA2	L2510P
3771	TP53	L252F
3801	TP53	L257P
3640	BRCA2	L2647P
3642	BRCA2	L2653P
3612	BRCA2	L2654P
424	MYD88	L265P
3638	BRCA2	L2688P
1602	ABL1	L273M
3617	BRCA2	L2792P
1506	ABL1	L298V
3643	PIM1	L2V
4125	TP53	L305M
3775	TP53	L308M
4322	NFE2L2	L30F
3776	TP53	L323P
3580	TP53	L330P
3581	TP53	L330R
3583	TP53	L344P
1570	SMO	L412F
4313	POLE	L424I
4158	POLE	L424V
2842	MAP2K2	L46F
2804	BRAF	L485F
658	BRAF	L505H
2793	BRAF	L525R
1191	AKT1	L52R
46	ESR1	L536Q
1675	ESR1	L536R
72	KIT	L576P
1540	PDGFRA	L579M
3705	AR	L57Q
3451	BRAF	L596V
583	BRAF	L597Q
288	BRAF	L597R
582	BRAF	L597S
585	BRAF	L597V
2401	FGFR3	L608V
1309	ERBB2	L638S
139	DDR2	L63V
2999	EGFR	L718Q
3000	EGFR	L718V
3717	AR	L744F
1891	EGFR	L747P
1012	EGFR	L747_P753delinsS
890	EGFR	L747_S752del
1580	EGFR	L747_S752delinsQ
1007	EGFR	L747_T751delLREAT
1010	EGFR	L747_T751delinsP
1008	EGFR	L747_T751delinsQ
1313	ERBB2	L753E
1304	ERBB2	L755P
39	ERBB2	L755S
40	ERBB2	L755W
37	ERBB2	L755_T759del
1308	ERBB2	L768S
3004	EGFR	L792H
1457	EGFR	L838P
1018	EGFR	L838V
3648	KDR	L840F
1473	EGFR	L858Q
33	EGFR	L858R
1020	EGFR	L861Q
1477	EGFR	L861R
496	ERBB2	L866M
2330	ERBB2	L869R
3670	PIK3CA	L938*
3483	LGR5	LGR5FL
937	PIK3CA	M1043I
2940	PRPS1	M115T
3301	SPOP	M117I
3280	SPOP	M117V
3372	MET	M1250T
3966	BRCA1	M1628T
3965	BRCA1	M1652I
1248	BRCA2	M1I
747	MLH1	M1L
1247	BRCA2	M1R
609	MTOR	M2327I
1066	TP53	M237I
1597	ABL1	M237V
3396	TP53	M243T
3398	TP53	M246A
3789	TP53	M246L
4105	TP53	M246R
3399	TP53	M246T
1610	ABL1	M388L
1622	ABL1	M472I
769	MLH1	M490T
1288	JAK3	M511I
3515	FGFR3	M528I
201	KIT	M541L
951	KIT	M552_W557DEL
3165	FLT3	M664I
2745	EGFR	M766Q
1664	EGFR	M766_A767insAI
2213	EGFR	M766_A767insASV
818	ERBB2	M774DELINSWLV
3588	RIT1	M90I
113	RET	M918T
3435	MYOD1	MYOD1 L122R
3438	PIK3CA	N1044K
2924	PRPS1	N114D
2843	MAP2K2	N126D
778	SLCO1B1	N130D
2923	PRPS1	N144S
3281	ERCC2	N238S
3394	TP53	N239D
3787	TP53	N239S
3395	TP53	N239T
244	ATM	N2875H
3641	BRCA2	N3124I
930	PIK3CA	N345K
3679	ETV6	N385_R418del
3681	JAK1	N451S
2794	BRAF	N486_P490del
3237	KIT	N505I
3238	KIT	N505R
3216	FGFR4	N535K
4028	FGFR3	N540D
3693	FGFR3	N540K
3694	FGFR3	N540S
515	FGFR1	N546K
2780	FGFR2	N549H
545	FGFR2	N550K
751	MLH1	N551T
1652	PIK3R2	N561D
4014	PLCG2	N571S
3444	BRAF	N580S
1186	BRAF	N581S
3053	FLT3	N676K
3719	AR	N756D
1581	EGFR	N771>GY
3304	EGFR	N771_P772insL
1662	EGFR	N771delinsVH
987	KIT	N822H
1263	KIT	N822K
1188	EGFR	N826S
1896	EGFR	N826Y
3201	FLT3	N841I
3213	FLT3	N841K
3308	FLT3	N841T
1899	EGFR	N842S
873	ERBB2	N857S
3532	PTEN	N94I
2408	BRAF	Non-V600
2837	MAP2K1	P124L
82	MAP2K1	P124S
734	MLH1	P138T
761	MSH6	P138T
1644	PXDNL	P1460T
3418	TP53	P151A
1093	TP53	P151H
3765	TP53	P151S
3767	TP53	P152L
3794	TP53	P152T
3556	PTEN	P169H
3785	TP53	P177F
3786	TP53	P177H
3784	TP53	P177S
3299	PPP2R1A	P179R
3997	BRCA1	P1812R
402	NQO1	P187S
4141	TP53	P190H
1080	TP53	P190L
813	ETV6	P214L
3778	TP53	P219H
284	MTOR	P2213S
3318	TP53	P250L
2905	FGFR2	P253R
1218	ERBB3	P262H
3005	TP53	P278A
1049	TP53	P278S
4315	POLE	P286H
1830	POLE	P286R
3570	CCND1	P287S
3571	CCND1	P287T
367	RAC1	P29S
3711	AR	P340L
3266	KRAS	P34R
3289	CTCF	P378L
3602	ATXN7	P40Q
1291	JAK1	P429S
3603	ATXN7	P42_P43insP
1616	ABL1	P441L
3458	PIK3CA	P447_L455del
294	PIK3CA	P471L
504	TP53	P47S
1623	ABL1	P480L
3377	CDKN2A	P48L
2796	BRAF	P490_Q494del
3712	AR	P504L
1582	EGFR	P546S
950	KIT	P551L
1497	KIT	P551_E554delPMYE
976	KIT	P577L
862	PDGFRA	P577S
2738	KIT	P577_D579DEL
3489	EGFR	P596L
2180	TSPYL1	P62S
2990	BRCA2	P655R
531	TP53	P72R
2224	BRAF	P731T
460	EGFR	P753S
2217	EGFR	P772_H773insH
1667	EGFR	P772_H773insYNP
1668	EGFR	P772_V774insPHV
2697	PAX5	P80R
3644	PIM1	P81S
3384	CDKN2A	P81T
1465	EGFR	P848L
480	DNMT3A	P904L
3348	SPOP	P94A
4304	SRSF2	P95H
3533	PTEN	P95L
4303	SRSF2	P95L
3534	PTEN	P96Q
3761	TP53	P98L
3760	TP53	P98S
2916	PRPS1	PRPS1 MUTATION
3302	TYK2	Pro1104Ala
1159	ATM	Q1084*
469	TSC2	Q1178*
260	ABCG2	Q141K
3777	TP53	Q144P
4132	TP53	Q144Q
1246	BRCA1	Q1467*
753	MLH1	Q149*
4135	TP53	Q167R
1654	NRAS	Q179X
1593	PTCH1	Q17X
604	GNAQ	Q209P
479	KRAS	Q22*
1520	MTOR	Q2223K
1643	SCN8A	Q225X
2700	CBL	Q294E
3601	ATXN7	Q30R
261	XRCC1	Q399R
3600	ATXN7	Q39P
3590	RIT1	Q40L
1510	ARID1A	Q456*
1564	SMO	Q477E
614	JAK1	Q503*
3663	BRAF	Q524L
886	PIK3CA	Q546E
885	PIK3CA	Q546K
887	PIK3CA	Q546P
888	PIK3CA	Q546R
1541	KIT	Q556_I571DEL
83	MAP2K1	Q56P
655	MAP2K1	Q56_V60del
975	KIT	Q575L
1104	KRAS	Q61E
893	NRAS	Q61H
907	KRAS	Q61H
427	NRAS	Q61K
910	KRAS	Q61K
1392	HRAS	Q61K
95	NRAS	Q61L
854	HRAS	Q61L
908	KRAS	Q61L
1103	KRAS	Q61P
96	NRAS	Q61R
909	KRAS	Q61R
1391	HRAS	Q61R
981	KIT	Q694K
3576	ERBB2	Q709L
3433	RRAS2	Q72L
1592	PTCH1	Q787X
3726	AR	Q798E
169	AKT1	Q79K
3589	RIT1	Q79L
1157	ATM	Q984E
4000	RAF1	QKI-RAF1
741	MLH1	R100*
2774	MET	R1004G
3653	KDR	R1022Q
1594	PIK3CA	R1023Q
3350	KDR	R1032Q
702	ERBB3	R103G
714	TSC1	R1062W
994	EGFR	R108K
3282	TP53	R110L
4318	SMARCA2	R1159Q
1661	ALK	R1192P
3498	ERBB3	R1202W
2645	KDM6A	R1213*
3300	SPOP	R121Q
776	MSH6	R1242C
767	MSH6	R1242H
9	ALK	R1275Q
3292	NF1	R1276Q
3060	BCL2	R129L
636	PTEN	R130*
1037	PTEN	R130G
899	PTEN	R130Q
59	IDH1	R132C
927	IDH1	R132G
420	IDH1	R132H
880	IDH1	R132L
928	IDH1	R132S
4102	TP53	R156H
3795	TP53	R156P
1170	ATM	R1575H
3967	BRCA1	R1589P
4133	TP53	R158C
4115	TP53	R158G
1695	TP53	R158H
1699	TP53	R158L
3543	PTEN	R15K
1628	NF1	R163X
1207	KRAS	R164Q
814	DDX41	R164W
3470	EGFR	R165Q
3971	BRCA1	R1699W
2364	PREX2	R172I
63	IDH2	R172K
838	PTEN	R173C
3420	TP53	R174K
1085	TP53	R174W
116	TP53	R175H
3796	TP53	R181C
3797	TP53	R181G
3798	TP53	R181H
4140	TP53	R181L
3390	TP53	R181P
471	RAD51D	R186*
249	XRCC1	R194W
4142	TP53	R196Q
826	GNAS	R201C
1319	GNAS	R201H
4305	CIC	R201W
2857	ROS1	R2033N
1161	ATM	R2034P
3661	ACVR1	R206H
3575	PMS2	R20Q
2711	TP53	R213*
1109	TP53	R213P
4121	TP53	R213Q
1683	ALK	R214H
3439	MTOR	R2152C
3431	CIC	R215W
3344	EGFR	R222C
754	MLH1	R226*
136	NOTCH1	R2327W
110	PTEN	R233*
1252	BRCA2	R2336P
2896	NT5C2	R238W
1156	ATM	R2459C
2403	FGFR3	R248C
3069	NTRK3	R248C
920	TP53	R248L
117	TP53	R248Q
118	TP53	R248W
3400	TP53	R249G
1696	TP53	R249S
556	CDK4	R24C
3961	EGFR	R252C
2275	ACVR1	R258G
3618	BRCA2	R2659G
749	MLH1	R265G
3421	TP53	R267Q
121	TP53	R273C
122	TP53	R273H
918	TP53	R273L
2753	PRKN	R275W
3619	BRCA2	R2784Q
3626	BRCA2	R2784W
1697	TP53	R280K
1698	TP53	R280T
1108	TP53	R282L
916	TP53	R282W
3799	TP53	R283H
3422	TP53	R283P
3608	BRCA2	R2842C
903	ATM	R3008C
4148	TP53	R306E
768	PMS2	R315*
3423	TP53	R337C
3424	TP53	R337H
1112	TP53	R337L
3582	TP53	R337P
4149	TP53	R337S
3579	TP53	R342P
1656	ABL1	R351W
2276	AMER1	R358X
2851	SMAD4	R361C
238	NT5C2	R367Q
812	ETV6	R369Q
3757	SMAD3	R373H
3339	CTCF	R377H
727	MSH2	R383*
1680	RAF1	R391W
811	ETV6	R399C
3463	PALB2	R414X
3678	ETV6	R418G
454	EGFR	R451C
3144	NTRK2	R458G
3447	BRAF	R461I
3671	FBXW7	R465C
2647	FBXW7	R465H
3672	FBXW7	R479Q
3519	SMAD4	R496H
1503	FBXW7	R505C
1504	FBXW7	R505H
3673	FBXW7	R505L
2803	BRAF	R558Q
1679	FBXW7	R658Q
3696	FGFR3	R669G
3697	FGFR3	R669Q
42	ERBB2	R678Q
2829	JAK2	R683G
3604	EZH2	R690C
2333	EGFR	R705K
3716	AR	R726L
3485	DNMT3A	R736H
1181	EGFR	R776C
1017	EGFR	R831H
2741	EGFR	R832L
863	PDGFRA	R841K
2782	TEK	R849W
3376	CDKN2A	R87P
1125	DNMT3A	R882H
1124	DNMT3A	R882P
929	PIK3CA	R88Q
43	ERBB2	R896C
3434	PIK3CA	R93Q
1178	PIK3CA	R93W
502	KDR	R961W
2790	PIK3CA	R975S
3685	PTPRD	R995C
3429	ARHGAP35	R997*
2925	PRPS1	S103I
2926	PRPS1	S103N
2927	PRPS1	S103T
3497	ERBB2	S1050L
2165	FANCA	S1088F
3647	KDR	S1100F
4333	ALK	S1206R
4130	TP53	S127Y
3969	BRCA1	S1486C
1499	PIK3CA	S158L
3964	BRCA1	S1655F
3557	PTEN	S170R
3391	TP53	S183L
2347	IL7R	S185C
1671	ROS1	S1986F
1670	ROS1	S1986Y
4290	MPL	S204P
10	ARAF	S214C
2715	MTOR	S2215F
542	MTOR	S2215Y
4143	TP53	S227C
243	ATM	S2289*
1065	TP53	S241C
2777	TP53	S241F
3788	TP53	S241T
628	FGFR3	S249C
3674	NOTCH1	S2514A
3676	NOTCH1	S2514E
3677	NOTCH1	S2514P
4312	SMAD2	S276L
1562	SMO	S278I
3709	AR	S296R
2946	FGFR2	S320C
3710	AR	S334P
3254	CTNNB1	S33F
2281	CTNNB1	S37C
1495	ABL1	S438C
2615	EGFR	S442I
2614	EGFR	S442R
2897	NT5C2	S445F
3502	ERCC2	S44L
1832	POLE	S459F
1286	CTNNB1	S45F
1287	CTNNB1	S45P
692	ESR1	S463P
2601	EGFR	S464L
2602	EGFR	S464T
825	ARAF	S490T
2610	EGFR	S492C
453	EGFR	S492R
1206	KIT	S501_A502INSAY
1589	SMO	S533N
1290	JAK3	S61C
1659	KIT	S628N
2956	JAK1	S646F
980	KIT	S692L
822	JAK1	S703I
3680	JAK1	S729C
891	EGFR	S752_I759delSPKANKEI
3723	AR	S759P
562	EGFR	S768I
1443	EGFR	S768N
145	DDR2	S768R
1182	EGFR	S784F
2701	CBL	S80N
3347	SPOP	S80R
3750	ARHGAP35	S866F
262	ABCB1	S893T
3652	KDR	S925F
3645	PIM1	S97N
536	SULT1E1	SNP
4330	ALK	T1151K
1493	ALK	T1151M
743	MLH1	T117M
3417	TP53	T125R
3684	TP53	T125T
3558	PTEN	T160I
3979	BRCA1	T1720A
2712	MTOR	T1977K
3412	MTOR	T1977R
540	FLT3	T227M
3782	TP53	T230S
1587	SMO	T241M
3675	NOTCH1	T2512A
995	EGFR	T263P
901	ATM	T2666A
3629	BRCA2	T2722R
3407	PTEN	T277A
3406	PTEN	T277I
3403	PTEN	T277R
2918	PRPS1	T303S
870	BTK	T316A
2618	EGFR	T415M
1546	KIT	T417_D419DELTYDINSI
2620	KIT	T417_D419delinsY
1285	CTNNB1	T41A
3503	ERCC2	T46S
2795	BRAF	T488_P492del
974	KIT	T574A
3445	BRAF	T598I
2824	BRAF	T599_V600insT
2387	CSF3R	T618I
979	KIT	T661I
1267	KIT	T670I
861	EGFR	T725M
3686	PTPRD	T781A
1573	EGFR	T785A
34	EGFR	T790M
2331	ERBB2	T798I
1305	ERBB2	T798M
4321	NFE2L2	T80K
1463	EGFR	T847I
1467	EGFR	T854A
871	ERBB2	T862A
729	UGT1A1	UGT1A1*28
732	UGT1A1	UGT1A1*60
701	ERBB3	V104M
2624	TP53	V135A
1254	TP53	V143A
2991	KRAS	V14I
3968	BRCA1	V1534M
2836	MAP2K1	V154I
3059	BCL2	V156D
1143	NOTCH1	V1577A
1144	NOTCH1	V1577E
3574	TP53	V157D
1092	TP53	V157F
1249	BRCA2	V159M
3554	PTEN	V166I
3970	BRCA1	V1688del
4117	TP53	V173G
1086	TP53	V173L
4139	TP53	V173M
3998	BRCA1	V1804D
3595	TP53	V197E
4120	TP53	V197L
2805	MAP2K1	V211D
1251	BRCA2	V211I
1250	BRCA2	V211L
3507	ERCC2	V242F
2348	IL7R	V253G
792	PTPRD	V253I
4123	TP53	V272G
1035	TP53	V272L
3790	TP53	V274F
2751	TP53	V274S
1604	ABL1	V289I
2277	CRLF2	V2del
1576	SMO	V321M
775	MSH6	V352I
2841	MAP2K2	V35M
2702	CBL	V391I
1831	POLE	V411L
2612	EGFR	V441D
2613	EGFR	V441F
2611	EGFR	V441G
745	MLH1	V49A
728	MLH1	V534R
2938	PRPS1	V53A
3217	FGFR4	V550E
2399	FGFR3	V555L
2400	FGFR3	V555M
1543	KIT	V555_I571DEL
957	KIT	V555_P573DEL
956	KIT	V555_Q556DEL
2695	KIT	V555_V559DEL
969	KIT	V559A
968	KIT	V559D
966	KIT	V559DEL
970	KIT	V559G
967	KIT	V559_V560DEL
971	KIT	V560D
202	KIT	V560DEL
972	KIT	V560G
1550	KIT	V560_L576DEL
247	PDGFRA	V561A
941	PDGFRA	V561D
2781	FGFR1	V561M
1551	KIT	V569_L576DEL
1632	FLT3	V592_D593INSDFREY
3452	BRAF	V599D
3446	BRAF	V599E
3453	BRAF	V599K
3454	BRAF	V599R
11	BRAF	V600D
12	BRAF	V600E
1199	BRAF	V600G
563	BRAF	V600K
1404	BRAF	V600L
1405	BRAF	V600M
991	BRAF	V600R
1658	BRAF	V600_K601DELINSD
3241	BRAF	V600_S605delinsDV
2825	BRAF	V601E
2834	MAP2K1	V60E
64	JAK2	V617F
73	KIT	V654A
3205	PDGFRA	V658A
1289	JAK3	V722I
3230	RET	V738A
1001	EGFR	V742A
3721	AR	V757A
3722	AR	V757I
1578	EGFR	V769A
736	EGFR	V769_D770insASV
872	ERBB2	V773A
1311	ERBB2	V773L
1892	EGFR	V774A
1894	EGFR	V774M
1567	EGFR	V774_C775insHV
44	ERBB2	V777L
2568	RET	V804M
1897	EGFR	V834I
45	ERBB2	V842I
1466	EGFR	V851I
781	ERBB3	V855A
3668	PIK3CA	V955G
3001	PIK3CA	V955I
1521	CDKN2A	W110*
3691	PTPRB	W130R
1590	PTCH1	W170X
3978	BRCA1	W1718C
1555	BRCA1	W1815X
3995	BRCA1	W1837R
3627	BRCA2	W2626C
1563	SMO	W281C
1583	SMO	W281L
2945	FGFR2	W290C
3688	ABL2	W469C
2667	MPL	W515L
837	SMO	W535L
959	KIT	W557G
958	KIT	W557R
960	KIT	W557T
962	KIT	W557_E561del
961	KIT	W557_K558del
1498	KIT	W557_V559insC
1539	PDGFRA	W559_R560DELWR
1292	JAK1	W690*
1591	PTCH1	W712X
1571	EGFR	W731L
2703	CBL	W802*
3250	VHL	W88*
935	PIK3CA	Y1021C
2913	MET	Y1021H
3762	TP53	Y126D
3763	TP53	Y126S
3456	EP300	Y1414C
3500	ERCC2	Y14C
1645	PAPPA2	Y1520X
1087	TP53	Y163C
3769	TP53	Y163H
3800	TP53	Y163N
3506	ERCC2	Y209C
922	TP53	Y220C
3779	TP53	Y220H
1596	ABL1	Y232S
1068	TP53	Y234C
3781	TP53	Y234H
3770	TP53	Y236S
3501	ERCC2	Y24C
803	RUNX1	Y260*
3614	BRCA2	Y2660D
3609	BRCA2	Y2726C
3690	PTPRB	Y309C
2934	PRPS1	Y311C
3405	PTEN	Y336*
1605	ABL1	Y342H
2377	RHEB	Y35N
2638	CBL	Y371H
2404	FGFR3	Y373C
3356	FGFR2	Y375C
3065	FGFR2	Y376C
1611	ABL1	Y393C
3689	ABL2	Y399C
3239	KIT	Y503A
946	KIT	Y503_F504insAY
1669	LYN	Y508F
48	ESR1	Y537C
49	ESR1	Y537N
50	ESR1	Y537S
952	KIT	Y553D
2737	KIT	Y553N
953	KIT	Y553_K558DEL
1542	KIT	Y553_W557DELYEVQW
1548	KIT	Y570_L576DEL
3233	FLT3	Y589D
1630	FLT3	Y591_V592INSVDFREYE
3607	EZH2	Y646C
2989	EZH2	Y646F
3518	EZH2	Y646F, Y646N, Y646S, Y646H, Y646C, A682G, A692V
3364	EZH2	Y646H
4090	EZH2	Y646N
2666	EZH2	Y646S
3514	FGFR3	Y647C
2986	STAT5B	Y665F
3499	ERCC2	Y72C
3606	EZH2	Y731D
3724	AR	Y763C
1665	EGFR	Y764_V765insHH
1575	EGFR	Y801H
3228	RET	Y806C
3229	RET	Y806N
989	KIT	Y823D
3665	ERBB2	Y835F
3070	FLT3	Y842C
3234	FLT3	Y842H
3535	PTEN	Y88C
1642	POLD1	Y956N
3045	VHL	p.F76del
3310	HDAC9	p.L33R
3512	BRAF	p61BRAF(V600E)
