variant_id	variant_name
4170	 3'UTR alteration (c.*70C>T)
4214	 T124I (c.371C>T)
4216	 W8* (c.23G>A)
4278	 Y112C (c.335A>G)
4232	 c.212+1G>T
2488	*214G (c.640T>G)
3196	*214Gext*14 (c.640T>G)
2930	106insR (c.316insGCC)
3083	180fs*22 (c.540delC)
3102	3' UTR alteration (c.*1149A>G)
2024	3'UTR alteration (c.639+10C>G)
3194	A122V (c.365C>T)
2482	A149fs (c.446delG)
2023	A149fs (c.449del14-nt)
2962	A28fsX109 (c.83insG)
2442	A50= (c.150C>G) and Splice Site (c.463-1G>T)
2265	A56_P59del (c.166_178del)
3170	C162Wfs*12(c.485dupG)
4181	C162Y(c.486C>G) and L188V(c.562C>G) and P81S(c.241C>T) and F119L(c.357C>G)
4108	C77Sfs*82 (c.230del)
3245	C77fs (c.230del)
3133	D121N (c.361G>A)
3567	D121Y(c.361G>T)
2553	D121_A122del (c.361_366del)
3156	D126Efs* (c.377_378insG)
1918	D126FS (c.375_376insC)
3179	D126N (c.376G>A) / S183L (c.548C>T)
3040	D143= (c.429C>T)
4207	D143= (c.429C>T) and c.340+770T>C
4153	D143Efs*13 (c.429_438del)
1844	D143fs (c.430delG)
2479	D197Rfs* (c.588_588dupA)
3260	D213E (c.639T>G)
2673	D679N (c.2035G>A)
3360	D92V (c.275A>T)
2514	D92fs (c.275delinsCC)
2963	D96H (c.238G>C)
4192	Deletion AND I151S(c.452T>G)
4193	Deletion AND R200W (c.598C>T)
4194	Deletion AND R69C (c.205C>T)
4155	E173Rfs*29 (c.516del)
2529	E189_D190del (c.565_570delGAAGAC)
4234	E21A (c.62A>C)
4275	E31= (c.93G>A)
3383	E52*(c.156G>T)
1735	E52fs* (c.156G>T)
3635	E55* (c.162_163insT)
4077	E55Gfs*77 (c.163dup)
2301	E55fs (c.162delG)
3744	E55fs (c.163delG)
3654	E55fs (c.163dupG)
3036	E70Dfs(c.210delG)
2538	E70K (c.208G>A) and Splice Region (c.340+5G>C)
2304	E70fs (c.209_210delAG)
4161	E73* (c.217C>T)
2310	E94_P97del (c.281_291del)
4168	Exon 1-3 Deletion and P81S (c.241C>T)
4169	Exon 1-3 Deletion and Splice Region (c.340+5G>C)
4250	Exon 3 deletion (c.464-11 T>A)
4245	Exon 3 deletion AND S139C (c.416C>G)
4206	F136C (c.407G>T)
3984	F136L (c.406T>C)
3363	F136LFS*23 (c.408del)
3295	F136V (c.406T>G)
2423	F136fs (c.407delC)
2558	F137fs (c.408insT)
3143	F148* (c.443_455delinsA)
3129	F148Lfs*11 (c.444del)
2096	F158ins (c.472insTTT)
2542	F190L (c.568T>C)
4083	F76* (c.227T>A; c.228C>A)
4082	F76_C77del (c.226_231del)
2271	F76_N78del (c.226_232del)
3494	F76del (c.224_226delTTC)
4081	F76del (c.226_228del)
3577	F76del (c.226_228delTTC)
3157	F76del (c.227_229del)
2018	F76del (c.227_229delTCT)
3632	F76fs (c.224_225insA)
1893	F91* (c.272_273delinsAA)
3105	F?C (c.?T>G)
3637	G104FS (c.309_310delTG)
2252	G104fs (c.309delT)
2266	G104fs (c.310delG)
2551	G104fs*158 (c.311delC)
3085	G104fs*23 (c.309_322del14)
4084	G106Tfs*54 (c.315_316insAC)
2073	G106fs (c.316insA)
4174	G114D (c.340+1G>A)
2455	G114Vfs*45 (c.339delA)
2129	G114dup (c.342dupGGT)
2153	G114fs (c.326_339dupTCCACAGCTACCGA)
2135	G123fs (c.369_375delGACACAC)
3099	G127_L128delinsGF (c.381_382delinsTT)
4172	G144Dfs*15 (c.431del)
2290	G144E (c.431G>A)
4211	G144R (c.430G>A) and c.340+694_340+711dup
3197	G144R (c.430G>C)
2319	G144fs (c.429_430insGGAC)
2320	G144fs (c.430_433delGGAC)
1949	G144fs (c.432insG)
3736	G30Dfs*32 (c.89_297del)
2961	G336fs563X (c.1007_1013del)
3046	G34Rfs(c.99_100insA)
3263	G93A (c.278G>C)
2097	G93_Y98del (c.275_292del)
1812	G93fs (c.278delG)
2346	Glu34Lys (c.100G>A)
4185	H115Pfs*44(c.344delA) and P61=(c.183C>G)
2540	H115Q (c.346C>A)
2136	H125fs (c.374insA)
4093	H191Tfs*11 (c.571del)
2328	H191fs (c.570_574delCCACC)
1965	I109TfsX50 (c.326delT)
2476	I151N (c.452T>A)
2095	I151fs (c.452insA)
3146	I75S (c.224T>G)
3136	I75Sfs*84 (c.223del)
3154	I75Yfs*57 (c.224dupT)
2487	I75del (c.221delTCA)
2134	Intronic deletion (c.341-13delCGTTTCCAACAATTTCTCGGTGT)
2311	K114fs (c.339_340delAG)
3354	K159* (c.474_475insT)
4088	K159Efs*15 (c.473dup)
4089	K159delinsI* (c.475_476insTTT)
4100	K159fs (c.472_473insT)
2137	K159fs (c.474_476delGAAinsC)
2040	K159fs (c.477_478insCA)
2327	K171fs (c.512_516delAGCCT)
2140	K196fs (c.584_585delAG)
2499	K196fs (c.588insA)
3294	L101G (c.301_302delCTinsGG)
2312	L116fs (c.347delT)
2381	L118P (c.353T>C) and R107G  (c.319C>G)
2313	L118fs (c.349_350insG)
3066	L128F (c.382C>T)
1768	L129Q (c.386insAGA)
3172	L129Wfs*?(c.383delT)
1996	L129fs (c.384delT)
2557	L135fs (c.405delA)
3119	L140PfsX4 (c.418dup)
4087	L140Qfs*3 (c.419_420del)
3753	L140Sfs*4 (c.417dup)
1960	L140fs (c.417_418delTC)
3513	L140fs*3 (c.419_420delTC)
4236	L153Q (c.458T>A)
1802	L153fs (c.457delC)
2324	L158_K159del (c.472_477del)
4160	L158dup (c.473_474insTTT)
3278	L163R (c.488T>G)
2459	L178P (c.532C>T)
3091	L178P (c.533T>A)
4092	L178_D179insRVKPEL (c.531_532insCTGAGAGTAAAGCCTGAA)
4238	L188V(c.562C>G)
4199	L188del (c.562_564delCTG)
4156	L198Gfs*57 (c.592_593del)
3480	L198P (c.593T>C) and P25L (c.74C>T)
4225	L201P (c.602T>C)
2262	L63fs (c.187delC)
2087	L63fs (c.189_192delGCGC)
2506	L85_E94del (c.254_283del30bp)
1925	L85fs (c.253_254ins38)
2305	L85fs (c.253delC)
2549	L89R (c.266T>G)
3164	L89S (c.265C>T)
3720	M3I(c.3G>A) and M211L (c.631A>C)
2497	M54Gfs*77 (c.160_161delAT)
2269	M54_A56del (c.159_168del)
2545	M54fs (c.160_175del)
2473	M54fs (c.160delA)
1981	N100fsX131 (c.298_299InsA)
4271	N131*(c.390dupT)
2315	N131fs (c.389delT)
2272	N141fs (c.421_422delAA)
1823	N141fs (c.422del)
3186	N150Ifs*9 (c.449del)
2029	N150fs (c.445_458del)
3493	N150fs (c.446delC)
3743	N150fs (c.448delA)
3759	N174FS*29 (c.519insAA)
3317	N174Lfs (c.520_521del)
2253	N174fs (c.520delA)
4230	N193fs (c.576delA)
3655	N67_V74del (c.197_220del)
4078	N67_V74del (c.197_221del)
4159	N67_V74del (c.198_221del)
2547	N67fs (c.197_213del)
4201	N90del (c.268_270del)
2309	N90fs (c.269delA)
1978	Null (c.-678-?_340+?del)
1979	Null (c.-678-?_642+?del)
4264	Null (c.341+1_341–1)
3248	P103H (c.308C>A)
4265	P119L (c.355T>C)
2866	P138= (c.414A>G)
2526	P146Gfs*14 (c.435_436insGG)
3162	P154= (c.462A>G)
4262	P154Qfs4*(c.461delC)
2879	P154Rfs (c.461_462delCA)
2274	P172fs (c.514delC)
4263	P192L (c.575C>T)
3353	P192R (c.575C>G)
4165	P25L (c.74C>T) AND D126Rfs*6 (c.375_376insA) AND E55Rfs(c.163delG)
3087	P25L (c.74C>T) and P86T (c.256C>A)
3491	P2=(c.6C>G)
4176	P2=(c.6C>G) and P81S(c.241C>T)
2090	P40fs (c.118ins)
4233	P45R (c.134C>G)
4202	P59_R64del (c.174_191del)
2474	P59fs (c.176insAGCAdelTCCTGCGCT)
3076	P61_C77del (c.181_231del)
2303	P61_S65del (c.183_195del)
2263	P61fs (c.181delC)
2121	P61fs (c.181delCCGT)
2014	P61fs (c.183insC)
2546	P61fs Stop at 121(c.180_208del)
4080	P71Lfs*61 (c.211_212insT)
1955	P71fs (c.211insT)
4097	P76del (c.227_229del)
3298	P81S (c.241C>T) and L188V (c.562C>G)
3185	P86Afs*46 (c.254_255insC)
2496	P86S (c.256C>T) and Splice Region (c.340+5G>C)
1942	P86S (c.257C>T)
2306	P86fs (c.255_256delGC)
3190	P95Rfs*64 (c.284del)
2515	P97Afs*35 (c.287_288insA)
3199	P97L (c.290C>T) and L116P (c.347T>C)
4189	Partial Deletion and P61=( c.183C>G)
2443	Q132Hfs*45 (c.343_395dup)
1882	Q132P (c.395A>C)
2267	Q132fs (c.395_396delAA)
2321	Q145H (c.435G>T)
2155	Q145Tfs* (c.432_433insA)
2525	Q145fs (c.433_437delCAGCC)
1943	Q164H (c.492G>C)
4212	Q164H (c.492G>T) and c.340+574A>T
4094	Q203Gfs*52 (c.607_608del)
2383	Q203TfsX53 (c.606dupA)
3657	Q203fs (c.607_608delCA)
2002	Q73FS (c.215delC)
2444	Q73Pfs*59 (c.217dupC)
2131	Q73fs (c.214insGCCC)
3145	Q96_P102del (c.287_307del)
4110	Q96del (c.287_289del)
2251	Q96fs (c.286insT)
3176	R107Pfs*25(c.314_315insC)
4227	R107S (c.319C>A)
3132	R108Hfs*23 (c.323_324del)
4085	R108Lfs*52 (c.322_323insTG)
3633	R108dup (c.322_324dupCGC)
3656	R108fs (c.322_323insTG)
2537	R108fs (c.323delGC)
2877	R120* (c.358A>T)
2494	R120T (c.359G>C)
2552	R120fs*158 (c.359delG)
2996	R1273* (c.3817C>T)
4096	R161* (c.481C>T) AND R200fs (c.598del)
2273	R161fs (c.481insC)
3103	R167G (c.500G>A)
4167	R167Q (c.500G>A) and I151N (c.452T>A)
4166	R167Q (c.500G>A) and T105M (c.314C>T)
3121	R167Q(c.500G>A)
4180	R167Q(c.500G>A) and P81S(c.241C>T)
4210	R167Q(c.500G>A) and c.464-94T>A
4239	R167W(c.499C>T)
2486	R167fs (c.501insTTGTCCGT)
1779	R167fs (c.502insTTGTCCGT)
1975	R167fsX4 (c.499_504delinsT)
3187	R176Gfs*26 (c.526del)
3355	R177SFS*22 (c.531_542delinsTC)
4266	R177Tfs*23 (c.530_536del)
3191	R177_L178ins6 (c.531_532ins18)
2181	R177ins (c.531insCTGAGAGTAAAGCCTGAA)
3044	R197_L198ins7(c.572_592dup)
3192	R200W (c.598C>T) and R161Q (c.482G>A)
4190	R200W (c.598C>T) and V130L (c.388G>C)
4208	R200W (c.598C>T) and c.340+694_340+711dup
4095	R205Hfs*50 (c.614_615del)
3658	R205fs (c.614_615delGC)
2965	R292X (c.877C>T)
3134	R31* (c.91C>T)
2959	R474C c.1420C>T
1964	R60FS (c.179delG)
2510	R69AFS*63 (c.204_205insG)
4079	R69Afs*63 (c.204dup)
1948	R69fs (c.204insG)
4204	R79G (c.235C>G)
2448	R79_S80del (c.236_241delGCAGTC)
3013	R82_V84del (c.243delGCGCGTCGT)
2264	R82_V84del (c.244_252del)
3747	S111I (c.332G>T)
4171	S111N (c.332G>A)
2316	S139fs (c.415insC)
4154	S168Tfs*2 (c.503_513del)
3135	S38P (c.112T>C)
4076	S43_E47del (c.123_137del)
4231	S43_E47dup (c.123_137dup)
4099	S65* (c.189_192del)
2535	S65L (c.194C>T)
3015	S72Afs*? (c.213_214insGCCC)
3704	S72fs (c.214_215insGCCC)
2462	S72fs (c.216delC)
4109	S80Ifs*79 (c.239del)
4184	S80N (c.239G>A) and P25L (c.74C>T)
1792	S80R (c.240T>G)
2518	Splice Region (c.340 3_340 10delACGGGCCCinsCG)
4162	Splice Region (c.340+1_340+5del)
4226	Splice Region (c.340+2T>C)
3107	Splice Region (c.464-3C>T)
4086	Splice Site (c.340+2_340+6del)
4254	Splice Site (c.340+563C>T)
4255	Splice Site (c.340+578C>T)
4256	Splice Site (c.340+617C>G)
4257	Splice Site (c.340+682T>C)
4258	Splice Site (c.340+725A>T)
4259	Splice Site (c.340+866C>A)
4243	Splice Site (c.341-3T>G)
3436	Splice Site (c.341-6C>T)
2457	Splice Site (c.464-2G>A)
3370	Splice site (c.463+2A>C)
3150	T100Nfs*32 (c.298dupA)
2471	T104fs (c.313_315delC)
4235	T105M (c.314C>T)
1954	T105fs (c.315insAC)
4205	T124P (c.370A>C)
3479	T124del (c.369_371del)
2314	T124fs (c.370_371insTGCAGGA)
3738	T133Nfs*2 (c.397dup)
2556	T133fs*157 (c.397_400delACTG)
2091	T152fs (c.455insA)
2092	T157fs (c.472ins)
2094	T157fs (c.472ins1-nt)
2142	T202fs (c.606insA)
2539	V114R (c.341T>C)
2086	V130I (c.388G>A) and R200W (c.598C>T)
4246	V130P (c.388G>T)
3366	V130Wfs*30 (c.385_386dup)
4198	V155= (c.465G>C)
2046	V155L (c.463G>C)
3985	V155L (c.463G>T)
2477	V155fs (c.464_468delTGTAT)
3748	V165G (c.494T>G)
4091	V165Lfs*5 (c.492del)
4279	V165fs (c.493del)
3089	V166Dfs*9 (c.480_481insCGATGCCTCCAGGT)
3362	V166SFS*4 (c.496_506del)
2325	V166fs (c.498delC)
3086	V181fs (c.541delG)
1977	V194fs (c.581_582del)
3184	V62Cfs*5 (c.180del)
2509	V62Efs*71 (c.185_193delTGCTGCGCTinsAGCA)
3189	V62Gfs*66 (c.185_195del)
3261	V62fs (c.180delG)
2447	V66Gfs*89 (c.197_209del)
2099	V66del (c.197_220del)
2445	V74Sfs*53 (c.219_232delGGTCATCTTCTGCA)
4281	V74fs (c.220del)
2548	V84fs (c.249_255del)
4179	V87Gfs*71(c.260_263del) and P81S(c.241C>T)
3741	V87fs (c.255_256insC)
2470	W117C (c.351G>X)
3142	W117Cfs*42 (c.351del)
3715	W117R (c.349T>C)
3634	W117fs (c.349dupT)
3739	Y175Tfs*27 (c.523del)
3352	Y98Afs(c.282_291dup)
2450	Y98C (c.293A>G)
3021	c.-195G>A
3034	c.-195G>A/C
2634	c.-61_-51dup11
3174	c.-65_-55dup11
2633	c.-77_-32del
3035	c.1149A>G
2373	c.128-?_250+?
3727	c.1285dupC
3002	c.1396C>T
3267	c.1477C>T
2884	c.151-1G>C
3404	c.209+5G>A
2374	c.251-?_429+?
4151	c.329ins2
4228	c.340+384G>C
4213	c.340+617C>G and c.340+648T>C
4209	c.340+694_340+711dup
3041	c.340+770T>C
4178	c.340+770T>C and R200W (c.598C>T)
3161	c.340+7G>A
2435	c.341-59_341-14del
4197	c.341-59_341-14del AND F136fs (c.408delT)
4152	c.358ins2
3088	c.463+2T>G
3365	c.463+37_463+39del
3159	c.463+43A>G
4173	c.502ins8bp
2507	c.516_517dupGTCAAGCCT and c.532_542delCTGGACATCGTinsATTA
4157	c.563ins20
3047	c.56_57DupInvCGGGAGGC
3039	c.652T>A
3050	c.7089+1del
3051	c.7515+1_2del
2433	c.89c297
3049	c.902-1G>T
3101	c.–65_–55dup11
4191	c.–65_–55dup11 AND  3' UTR alteration (c.*1149A>G)
2431	c.−213− ?_463 ?del
4247	p.L159Es*15 (c.473dup)
