variant_id	variant_name	variant_accepted
4170	 3'UTR alteration (c.*70C>T)	False
4214	 T124I (c.371C>T)	False
4216	 W8* (c.23G>A)	False
4278	 Y112C (c.335A>G)	False
4232	 c.212+1G>T	False
3196	*214Gext*14 (c.640T>G)	False
2930	106insR (c.316insGCC)	True
3083	180fs*22 (c.540delC)	False
3102	3' UTR alteration (c.*1149A>G)	False
2482	A149fs (c.446delG)	False
2023	A149fs (c.449del14-nt)	True
2962	A28fsX109 (c.83insG)	False
2442	A50= (c.150C>G) and Splice Site (c.463-1G>T)	False
2265	A56_P59del (c.166_178del)	True
3170	C162Wfs*12(c.485dupG)	False
4181	C162Y(c.486C>G) and L188V(c.562C>G) and P81S(c.241C>T) and F119L(c.357C>G)	False
4108	C77Sfs*82 (c.230del)	False
3245	C77fs (c.230del)	True
3567	D121Y(c.361G>T)	False
2553	D121_A122del (c.361_366del)	True
3156	D126Efs* (c.377_378insG)	False
1918	D126FS (c.375_376insC)	True
3179	D126N (c.376G>A) / S183L (c.548C>T)	False
4207	D143= (c.429C>T) and c.340+770T>C	False
4153	D143Efs*13 (c.429_438del)	False
1844	D143fs (c.430delG)	True
2479	D197Rfs* (c.588_588dupA)	False
3260	D213E (c.639T>G)	False
2673	D679N (c.2035G>A)	False
3360	D92V (c.275A>T)	False
2963	D96H (c.238G>C)	False
4192	Deletion AND I151S(c.452T>G)	False
4193	Deletion AND R200W (c.598C>T)	False
4194	Deletion AND R69C (c.205C>T)	False
4155	E173Rfs*29 (c.516del)	False
2529	E189_D190del (c.565_570delGAAGAC)	False
4234	E21A (c.62A>C)	False
4275	E31= (c.93G>A)	False
3383	E52*(c.156G>T)	False
1735	E52fs* (c.156G>T)	False
3635	E55* (c.162_163insT)	False
4077	E55Gfs*77 (c.163dup)	False
2301	E55fs (c.162delG)	False
3744	E55fs (c.163delG)	False
3654	E55fs (c.163dupG)	False
3036	E70Dfs(c.210delG)	False
2538	E70K (c.208G>A) and Splice Region (c.340+5G>C)	False
2304	E70fs (c.209_210delAG)	False
4161	E73* (c.217C>T)	False
2310	E94_P97del (c.281_291del)	False
4168	Exon 1-3 Deletion and P81S (c.241C>T)	False
4169	Exon 1-3 Deletion and Splice Region (c.340+5G>C)	False
4250	Exon 3 deletion (c.464-11 T>A)	False
4245	Exon 3 deletion AND S139C (c.416C>G)	False
4206	F136C (c.407G>T)	False
3984	F136L (c.406T>C)	False
3363	F136LFS*23 (c.408del)	False
3295	F136V (c.406T>G)	False
2423	F136fs (c.407delC)	False
2558	F137fs (c.408insT)	False
3143	F148* (c.443_455delinsA)	False
3129	F148Lfs*11 (c.444del)	False
2096	F158ins (c.472insTTT)	False
2542	F190L (c.568T>C)	False
4083	F76* (c.227T>A; c.228C>A)	False
4082	F76_C77del (c.226_231del)	False
2271	F76_N78del (c.226_232del)	False
3494	F76del (c.224_226delTTC)	False
4081	F76del (c.226_228del)	False
3577	F76del (c.226_228delTTC)	False
3157	F76del (c.227_229del)	True
2018	F76del (c.227_229delTCT)	False
3632	F76fs (c.224_225insA)	False
1893	F91* (c.272_273delinsAA)	True
3105	F?C (c.?T>G)	False
3637	G104FS (c.309_310delTG)	False
2252	G104fs (c.309delT)	False
2266	G104fs (c.310delG)	False
2551	G104fs*158 (c.311delC)	False
3085	G104fs*23 (c.309_322del14)	False
4084	G106Tfs*54 (c.315_316insAC)	False
2073	G106fs (c.316insA)	False
4174	G114D (c.340+1G>A)	False
2455	G114Vfs*45 (c.339delA)	True
2129	G114dup (c.342dupGGT)	True
2153	G114fs (c.326_339dupTCCACAGCTACCGA)	False
2135	G123fs (c.369_375delGACACAC)	True
3099	G127_L128delinsGF (c.381_382delinsTT)	False
4172	G144Dfs*15 (c.431del)	False
4211	G144R (c.430G>A) and c.340+694_340+711dup	False
2319	G144fs (c.429_430insGGAC)	False
2320	G144fs (c.430_433delGGAC)	False
1949	G144fs (c.432insG)	True
3736	G30Dfs*32 (c.89_297del)	False
2961	G336fs563X (c.1007_1013del)	False
3046	G34Rfs(c.99_100insA)	False
3263	G93A (c.278G>C)	False
2097	G93_Y98del (c.275_292del)	True
1812	G93fs (c.278delG)	False
2346	Glu34Lys (c.100G>A)	False
4185	H115Pfs*44(c.344delA) and P61=(c.183C>G)	False
2540	H115Q (c.346C>A)	False
2136	H125fs (c.374insA)	True
4093	H191Tfs*11 (c.571del)	False
2328	H191fs (c.570_574delCCACC)	False
1965	I109TfsX50 (c.326delT)	False
2095	I151fs (c.452insA)	False
3136	I75Sfs*84 (c.223del)	False
3154	I75Yfs*57 (c.224dupT)	False
2487	I75del (c.221delTCA)	False
2134	Intronic deletion (c.341-13delCGTTTCCAACAATTTCTCGGTGT)	True
2311	K114fs (c.339_340delAG)	False
3354	K159* (c.474_475insT)	False
4088	K159Efs*15 (c.473dup)	False
4089	K159delinsI* (c.475_476insTTT)	False
4100	K159fs (c.472_473insT)	False
2040	K159fs (c.477_478insCA)	True
2327	K171fs (c.512_516delAGCCT)	False
2140	K196fs (c.584_585delAG)	True
2499	K196fs (c.588insA)	False
3294	L101G (c.301_302delCTinsGG)	False
2312	L116fs (c.347delT)	False
2381	L118P (c.353T>C) and R107G  (c.319C>G)	False
2313	L118fs (c.349_350insG)	False
1768	L129Q (c.386insAGA)	True
3172	L129Wfs*?(c.383delT)	False
1996	L129fs (c.384delT)	True
2557	L135fs (c.405delA)	False
3119	L140PfsX4 (c.418dup)	False
4087	L140Qfs*3 (c.419_420del)	False
3753	L140Sfs*4 (c.417dup)	False
1960	L140fs (c.417_418delTC)	True
3513	L140fs*3 (c.419_420delTC)	False
4236	L153Q (c.458T>A)	False
1802	L153fs (c.457delC)	True
2324	L158_K159del (c.472_477del)	False
4160	L158dup (c.473_474insTTT)	False
3278	L163R (c.488T>G)	False
2459	L178P (c.532C>T)	True
3091	L178P (c.533T>A)	False
4092	L178_D179insRVKPEL (c.531_532insCTGAGAGTAAAGCCTGAA)	False
4238	L188V(c.562C>G)	False
4199	L188del (c.562_564delCTG)	False
4156	L198Gfs*57 (c.592_593del)	False
3480	L198P (c.593T>C) and P25L (c.74C>T)	False
4225	L201P (c.602T>C)	False
2262	L63fs (c.187delC)	False
2087	L63fs (c.189_192delGCGC)	False
2506	L85_E94del (c.254_283del30bp)	False
1925	L85fs (c.253_254ins38)	False
2305	L85fs (c.253delC)	False
3164	L89S (c.265C>T)	False
3720	M3I(c.3G>A) and M211L (c.631A>C)	False
2497	M54Gfs*77 (c.160_161delAT)	False
2269	M54_A56del (c.159_168del)	False
2545	M54fs (c.160_175del)	False
2473	M54fs (c.160delA)	False
1981	N100fsX131 (c.298_299InsA)	False
4271	N131*(c.390dupT)	False
2315	N131fs (c.389delT)	False
2272	N141fs (c.421_422delAA)	False
1823	N141fs (c.422del)	False
3186	N150Ifs*9 (c.449del)	False
2029	N150fs (c.445_458del)	True
3493	N150fs (c.446delC)	False
3743	N150fs (c.448delA)	False
3759	N174FS*29 (c.519insAA)	False
3317	N174Lfs (c.520_521del)	False
2253	N174fs (c.520delA)	False
4230	N193fs (c.576delA)	False
3655	N67_V74del (c.197_220del)	False
4078	N67_V74del (c.197_221del)	False
4159	N67_V74del (c.198_221del)	False
2547	N67fs (c.197_213del)	False
4201	N90del (c.268_270del)	False
2309	N90fs (c.269delA)	False
1978	Null (c.-678-?_340+?del)	False
1979	Null (c.-678-?_642+?del)	False
4264	Null (c.341+1_341–1)	False
3248	P103H (c.308C>A)	False
4265	P119L (c.355T>C)	False
2526	P146Gfs*14 (c.435_436insGG)	False
3162	P154= (c.462A>G)	False
4262	P154Qfs4*(c.461delC)	False
2879	P154Rfs (c.461_462delCA)	False
2274	P172fs (c.514delC)	False
4263	P192L (c.575C>T)	False
3353	P192R (c.575C>G)	False
4165	P25L (c.74C>T) AND D126Rfs*6 (c.375_376insA) AND E55Rfs(c.163delG)	False
3087	P25L (c.74C>T) and P86T (c.256C>A)	False
3491	P2=(c.6C>G)	False
4176	P2=(c.6C>G) and P81S(c.241C>T)	False
2090	P40fs (c.118ins)	True
4233	P45R (c.134C>G)	False
4202	P59_R64del (c.174_191del)	False
2474	P59fs (c.176insAGCAdelTCCTGCGCT)	False
3076	P61_C77del (c.181_231del)	False
2303	P61_S65del (c.183_195del)	False
2263	P61fs (c.181delC)	False
2121	P61fs (c.181delCCGT)	False
2014	P61fs (c.183insC)	True
2546	P61fs Stop at 121(c.180_208del)	False
4080	P71Lfs*61 (c.211_212insT)	False
1955	P71fs (c.211insT)	True
4097	P76del (c.227_229del)	False
3298	P81S (c.241C>T) and L188V (c.562C>G)	False
3185	P86Afs*46 (c.254_255insC)	False
2496	P86S (c.256C>T) and Splice Region (c.340+5G>C)	False
1942	P86S (c.257C>T)	False
2306	P86fs (c.255_256delGC)	False
3190	P95Rfs*64 (c.284del)	False
2515	P97Afs*35 (c.287_288insA)	False
3199	P97L (c.290C>T) and L116P (c.347T>C)	False
4189	Partial Deletion and P61=( c.183C>G)	False
2443	Q132Hfs*45 (c.343_395dup)	False
2267	Q132fs (c.395_396delAA)	False
2321	Q145H (c.435G>T)	False
2155	Q145Tfs* (c.432_433insA)	False
2525	Q145fs (c.433_437delCAGCC)	False
4212	Q164H (c.492G>T) and c.340+574A>T	False
4094	Q203Gfs*52 (c.607_608del)	False
2383	Q203TfsX53 (c.606dupA)	False
3657	Q203fs (c.607_608delCA)	False
2002	Q73FS (c.215delC)	False
2444	Q73Pfs*59 (c.217dupC)	False
2131	Q73fs (c.214insGCCC)	True
3145	Q96_P102del (c.287_307del)	False
4110	Q96del (c.287_289del)	False
2251	Q96fs (c.286insT)	False
3176	R107Pfs*25(c.314_315insC)	False
4227	R107S (c.319C>A)	False
3132	R108Hfs*23 (c.323_324del)	False
4085	R108Lfs*52 (c.322_323insTG)	False
3633	R108dup (c.322_324dupCGC)	False
3656	R108fs (c.322_323insTG)	False
2537	R108fs (c.323delGC)	False
2552	R120fs*158 (c.359delG)	False
2996	R1273* (c.3817C>T)	False
4096	R161* (c.481C>T) AND R200fs (c.598del)	False
2273	R161fs (c.481insC)	False
3103	R167G (c.500G>A)	False
4167	R167Q (c.500G>A) and I151N (c.452T>A)	False
4166	R167Q (c.500G>A) and T105M (c.314C>T)	False
3121	R167Q(c.500G>A)	False
4180	R167Q(c.500G>A) and P81S(c.241C>T)	False
4210	R167Q(c.500G>A) and c.464-94T>A	False
4239	R167W(c.499C>T)	False
2486	R167fs (c.501insTTGTCCGT)	False
1779	R167fs (c.502insTTGTCCGT)	False
3187	R176Gfs*26 (c.526del)	False
3355	R177SFS*22 (c.531_542delinsTC)	False
4266	R177Tfs*23 (c.530_536del)	False
3191	R177_L178ins6 (c.531_532ins18)	False
2181	R177ins (c.531insCTGAGAGTAAAGCCTGAA)	True
3044	R197_L198ins7(c.572_592dup)	False
3192	R200W (c.598C>T) and R161Q (c.482G>A)	False
4190	R200W (c.598C>T) and V130L (c.388G>C)	False
4208	R200W (c.598C>T) and c.340+694_340+711dup	False
4095	R205Hfs*50 (c.614_615del)	False
3658	R205fs (c.614_615delGC)	False
2965	R292X (c.877C>T)	False
3134	R31* (c.91C>T)	False
2959	R474C c.1420C>T	True
1964	R60FS (c.179delG)	True
2510	R69AFS*63 (c.204_205insG)	False
4079	R69Afs*63 (c.204dup)	False
1948	R69fs (c.204insG)	True
4204	R79G (c.235C>G)	False
2448	R79_S80del (c.236_241delGCAGTC)	True
3013	R82_V84del (c.243delGCGCGTCGT)	False
2264	R82_V84del (c.244_252del)	True
3747	S111I (c.332G>T)	False
4171	S111N (c.332G>A) 	False
2316	S139fs (c.415insC)	False
4154	S168Tfs*2 (c.503_513del)	False
4076	S43_E47del (c.123_137del)	False
4231	S43_E47dup (c.123_137dup)	False
4099	S65* (c.189_192del)	False
2535	S65L (c.194C>T)	False
3015	S72Afs*? (c.213_214insGCCC)	False
3704	S72fs (c.214_215insGCCC)	False
2462	S72fs (c.216delC)	False
4109	S80Ifs*79 (c.239del)	False
4184	S80N (c.239G>A) and P25L (c.74C>T)	False
2518	Splice Region (c.340 3_340 10delACGGGCCCinsCG)	False
4162	Splice Region (c.340+1_340+5del)	False
4226	Splice Region (c.340+2T>C)	False
3107	Splice Region (c.464-3C>T)	False
4086	Splice Site (c.340+2_340+6del)	False
4254	Splice Site (c.340+563C>T)	False
4255	Splice Site (c.340+578C>T)	False
4256	Splice Site (c.340+617C>G)	False
4257	Splice Site (c.340+682T>C)	False
4258	Splice Site (c.340+725A>T)	False
4259	Splice Site (c.340+866C>A)	False
4243	Splice Site (c.341-3T>G)	False
3436	Splice Site (c.341-6C>T)	False
2457	Splice Site (c.464-2G>A)	False
3370	Splice site (c.463+2A>C)	False
3150	T100Nfs*32 (c.298dupA)	False
2471	T104fs (c.313_315delC)	False
4235	T105M (c.314C>T)	False
1954	T105fs (c.315insAC)	False
4205	T124P (c.370A>C)	False
3479	T124del (c.369_371del)	False
2314	T124fs (c.370_371insTGCAGGA)	False
3738	T133Nfs*2 (c.397dup)	False
2556	T133fs*157 (c.397_400delACTG)	False
2091	T152fs (c.455insA)	True
2092	T157fs (c.472ins)	True
2094	T157fs (c.472ins1-nt)	False
2142	T202fs (c.606insA)	True
2539	V114R (c.341T>C)	False
2086	V130I (c.388G>A) and R200W (c.598C>T)	False
4246	V130P (c.388G>T)	False
3366	V130Wfs*30 (c.385_386dup)	False
4198	V155= (c.465G>C)	False
2046	V155L (c.463G>C)	True
3985	V155L (c.463G>T)	False
2477	V155fs (c.464_468delTGTAT)	False
3748	V165G (c.494T>G)	False
4091	V165Lfs*5 (c.492del)	False
4279	V165fs (c.493del)	False
3089	V166Dfs*9 (c.480_481insCGATGCCTCCAGGT)	False
3362	V166SFS*4 (c.496_506del)	False
2325	V166fs (c.498delC)	False
3086	V181fs (c.541delG)	False
1977	V194fs (c.581_582del)	True
3184	V62Cfs*5 (c.180del)	True
2509	V62Efs*71 (c.185_193delTGCTGCGCTinsAGCA)	False
3189	V62Gfs*66 (c.185_195del)	False
3261	V62fs (c.180delG)	False
2447	V66Gfs*89 (c.197_209del)	True
2099	V66del (c.197_220del)	True
2445	V74Sfs*53 (c.219_232delGGTCATCTTCTGCA)	False
4281	V74fs (c.220del)	False
2548	V84fs (c.249_255del)	False
4179	V87Gfs*71(c.260_263del) and P81S(c.241C>T)	False
3741	V87fs (c.255_256insC)	False
2470	W117C (c.351G>X)	False
3142	W117Cfs*42 (c.351del)	False
3715	W117R (c.349T>C)	False
3634	W117fs (c.349dupT)	False
3739	Y175Tfs*27 (c.523del)	False
3352	Y98Afs(c.282_291dup)	False
2450	Y98C (c.293A>G)	False
3021	c.-195G>A	False
3034	c.-195G>A/C	False
2634	c.-61_-51dup11	False
3174	c.-65_-55dup11	False
2633	c.-77_-32del	False
3035	c.1149A>G	False
2373	c.128-?_250+?	True
3727	c.1285dupC	True
3002	c.1396C>T	True
3267	c.1477C>T	False
2884	c.151-1G>C	True
3404	c.209+5G>A	False
2374	c.251-?_429+?	False
4151	c.329ins2	False
4228	c.340+384G>C	False
4213	c.340+617C>G and c.340+648T>C	False
4209	c.340+694_340+711dup	False
3041	c.340+770T>C	False
4178	c.340+770T>C and R200W (c.598C>T)	False
2435	c.341-59_341-14del	True
4197	c.341-59_341-14del AND F136fs (c.408delT)	False
4152	c.358ins2	False
3088	c.463+2T>G	False
3365	c.463+37_463+39del	False
3159	c.463+43A>G	False
4173	c.502ins8bp	False
2507	c.516_517dupGTCAAGCCT and c.532_542delCTGGACATCGTinsATTA	False
4157	c.563ins20	False
3047	c.56_57DupInvCGGGAGGC	False
3039	c.652T>A	False
3050	c.7089+1del	True
3051	c.7515+1_2del	True
2433	c.89c297 	False
3049	c.902-1G>T	True
3101	c.–65_–55dup11	False
4191	c.–65_–55dup11 AND  3' UTR alteration (c.*1149A>G)	False
2431	c.−213− ?_463 ?del	True
4247	p.L159Es*15 (c.473dup)	False
